codigoBarras,nombre,precioVenta,costo,invActual,invMinimo,piezasPorPaquete,precioVentaPaquete,locacion,claveUnidad
"ABCH","ABACO CHICO",15,7.5,5,1,1,0.0,,"PZA"
"AGKO","ABACO GRANDE KOALA",45,24.6,5,1,1,0.0,,"PZA"
"A30G","ACERRIN 30 G",5,2,0,0,1,0.0,,"PZA"
"A600G","ACERRIN 600G",30,12,4,0,1,0.0,,"PZA"
"ACK","ACETATO KRONALINE",4,1.6,98,0,1,0.0,,"PZA"
"AP12C","ACUARELA PELIKAN 12 COLORES",23,14.5,8,5,1,0.0,,"PZA"
"ACSM","ACUARELA SMART 12 COLORES",33,19.1,9,0,1,0.0,,"PZA"
"AV6C","ACUARELA VINCI 6 COLORES",15,9,5,5,1,0.0,,"PZA"
"15120","AGARRAPAPEL 19 MM",3,1.18,36,5,1,0.0,,"PZA"
"15130","AGARRAPAPEL 21MM",5,1.86,47,5,1,0.0,,"PZA"
"15140","AGARRAPAPEL 32MM",6,2.6,13,5,1,0.0,,"PZA"
"15150","AGARRAPAPEL 41MM",8,3.8,17,5,1,0.0,,"PZA"
"15160","AGARRAPAPEL 51MM",12,5.7,8,5,1,0.0,,"PZA"
"ACAN","AGUJA DE CANEVA",2,0.5,99,0,1,0.0,,"PZA"
"ADC1","AGUJA DE COSER",1,0.24,110,0,1,0.0,,"PZA"
"ADPAQ","AGUJA DE COSER PAQ C/25 AGUJAS",15,5.5,0,0,1,0.0,,"PZA"
"ACC","AGUJETA PARA CUADERNO",5,2.5,0,0,1,0.0,,"PZA"
"AECH","AJEDREZ ECONOMICO CHICO",30,16,1,1,1,0.0,,"PZA"
"HA95","ALBANENE HOJA 90-95",3,1.5,38,5,1,0.0,,"PZA"
"9095","ALBANENE PLIEGO 90-95",16,9,6,1,1,0.0,,"PZA"
"AR40P","ALFILER CON CABEZA RULETA 40 PIEZAS",8,4,5,1,1,0.0,,"PZA"
"ADDG","ARO DECORADO GRANDE PARA DEPORTE",25,13,12,2,1,0.0,,"PZA"
"ADDM","ARO DECORADO MEDIANO PARA DEPORTE",20,11,11,2,1,0.0,,"PZA"
"BDB","BALON DE BASQUETBOL",180,120,1,0,1,0.0,,"PZA"
"BFN4","BALON DE FUTBOL NO.4",120,85,1,0,1,0.0,,"PZA"
"BFN5","BALON DE FUTBOL NO.5",165,110,1,0,1,0.0,,"PZA"
"BADO","BARAJA AS DE OROS",35,17.5,7,1,1,0.0,,"PZA"
"BSD","BICOLOR DELGADO SMART PENCIL",6,2.8,40,0,1,0.0,,"PZA"
"BGD","BICOLOR GRUESO DIXON",10,4.8,14,5,1,0.0,,"PZA"
"BSM","BICOLOR SMART MONSTER",13,7,51,0,1,0.0,,"PZA"
"BA3","BLOCK A3 CON 25 HOJAS RAYTER",57,38,1,1,1,0.0,,"PZA"
"BA4R","BLOCK A4 RAYTER",33,22,3,5,1,0.0,,"PZA"
"BTCE","BLOCK CARTA ESTRELLA C7",35,23.39,5,0,1,0.0,,"PZA"
"BTC","BLOCK CARTA JOCAR C5",30,20,9,0,1,0.0,,"PZA"
"BCM","BLOCK CARTA MYSTIC C7",30,20,37,0,1,0.0,,"PZA"
"BTCR","BLOCK CARTA ROCA RAYA",30,20,6,0,1,0.0,,"PZA"
"BCS","BLOCK CARTA SCOOL BLANCO",40,26.49,3,0,1,0.0,,"PZA"
"BTCS","BLOCK CARTA SCRIBE BLANCO",37,24.28,2,0,1,0.0,,"PZA"
"BARCH","BLOCK REMISION AUTOCOPIANTE CHICO",17,9,0,0,1,0.0,,"PZA"
"BATE","BLOCK REMISION AUTOCOPIANTE ESQUELA",25,13,0,0,1,0.0,,"PZA"
"BRUCH","BLOCK REMISION CHICO USUAL",12,5.7,7,0,1,0.0,,"PZA"
"BTEU","BLOCK REMISION TAMAÑO ESQUELA USUAL",22,11.3,7,0,1,0.0,,"PZA"
"BUN0","BOLA DE UNICEL NO.0",1,0.5,83,5,1,0.0,,"PZA"
"BUN00","BOLA DE UNICEL NO.00",1,0.5,68,5,1,0.0,,"PZA"
"BUN1","BOLA DE UNICEL NO.1",1,0.5,295,5,1,0.0,,"PZA"
"BUN10","BOLA DE UNICEL NO.10",20,11,32,5,1,0.0,,"PZA"
"BUN11","BOLA DE UNICEL NO.11",27,15,7,5,1,0.0,,"PZA"
"BUN12","BOLA DE UNICEL NO.12",35,20,2,5,1,0.0,,"PZA"
"BUN13","BOLA DE UNICEL NO.13",56,33.8,5,5,1,0.0,,"PZA"
"BUN2","BOLA DE UNICEL NO.2",2,1,139,5,1,0.0,,"PZA"
"BUN3","BOLA DE UNICEL NO.3",3,1.5,123,5,1,0.0,,"PZA"
"BUN4","BOLA DE UNICEL NO.4",4,2,77,5,1,0.0,,"PZA"
"BUN5","BOLA DE UNICEL NO.5",5,2.5,79,5,1,0.0,,"PZA"
"BUN6","BOLA DE UNICEL NO.6",6,3,61,5,1,0.0,,"PZA"
"BUN7","BOLA DE UNICEL NO.7",7,3.5,10,5,1,0.0,,"PZA"
"BUN8","BOLA DE UNICEL NO.8",11,5.6,43,5,1,0.0,,"PZA"
"BUN9","BOLA DE UNICEL NO.9",13,7,5,5,1,0.0,,"PZA"
"BPN3","BOLSA DE ASA NO.3",2,0.8,48,5,1,0.0,,"BCK"
"BNCHN","BOLSA DE REGALO CHICA NATURAL",12,6,8,5,1,0.0,,"PZA"
"BRCHN","BOLSA DE REGALO CHICA NAVIDEÑA",15,6.6,7,5,1,0.0,,"PZA"
"BRCHT","BOLSA DE REGALO CHICA TODA OCACION",15,7.5,28,5,1,0.0,,"PZA"
"BRMC","BOLSA DE REGALO CUMPLEAÑOS MEDIANA",25,11,6,5,1,0.0,,"PZA"
"BRG3D","BOLSA DE REGALO GRANDE 3D NAVIDEÑA",30,12.5,12,5,1,0.0,,"PZA"
"B3DG","BOLSA DE REGALO GRANDE 3D TODA OCACION",30,12.5,35,5,1,0.0,,"PZA"
"BRGN","BOLSA DE REGALO GRANDE NATURAL",15,7.2,9,5,1,0.0,,"PZA"
"BR3D","BOLSA DE REGALO GRANDE NAVIDEÑA",30,14.5,8,5,1,0.0,,"PZA"
"BRG","BOLSA DE REGALO GRANDE TODA OCACION",28,14.5,25,5,1,0.0,,"PZA"
"BRN3D","BOLSA DE REGALO MEDIANA 3D NAVIDEÑA",25,10.9,7,5,1,0.0,,"PZA"
"BCDM","BOLSA DE REGALO MEDIANA 3D TODA OCACION",25,10.7,63,5,1,0.0,,"PZA"
"BRM","BOLSA DE REGALO MEDIANA TODA OCACION",20,8.75,56,5,1,0.0,,"PZA"
"BRMN","BOLSA DE REGALO MINI NAVIDEÑA",12,5.5,8,5,1,0.0,,"PZA"
"BNPBG","BOLSA NEGRA PARA BASURA GRANDE",12,6.9,16,5,1,0.0,,"PZA"
"BNPBM","BOLSA NEGRA PARA BASURA MEDIANA",7,3.5,9,5,1,0.0,,"PZA"
"BPGP","BOMBA PARA GLOBO PAYASO",46,25,3,1,1,0.0,,"PZA"
"BPGS","BOMBA PARA GLOBO SELANUSA",50,28,0,1,1,0.0,,"PZA"
"BDCK","BOTE DIDACTICO CUBETA KIMBO",35,20,0,0,1,0.0,,"PZA"
"BROB","BROCHE BACO 8ML",3,1.3,37,0,1,0.0,,"PZA"
"BBLB","BUBULUBU MINI",6,3,10,1,1,0.0,,"PZA"
"CIP2A","CABLE IPHONE 2.1A CARGA Y DATOS",45,25,1,5,1,0.0,,"PZA"
"CTCAC","CABLE TIPO C A C 3A",55,30,1,5,1,0.0,,"PZA"
"CUAC","CABLE USB A C 2.1A",55,32.4,1,5,1,0.0,,"PZA"
"CUV8","CABLE USB V8 1M 2.1A",50,31,1,5,1,0.0,,"PZA"
"CNG1P","CALCOMANIA NOMBRE GRANMARK 1 PLANILLA",13,7,50,0,1,0.0,,"PZA"
"CNG2P","CALCOMANIA NOMBRE GRANMARK 2 PLANILLAS",25,14,24,5,1,0.0,,"PZA"
"CNSFS","CALCOMANIA NOMBRE SIN FIGURA SOBRE C/3",5,1.8,60,0,1,0.0,,"PZA"
"CPSF","CALCOMANIA PLANILLA NOMBRE S/FIGURA",10,4.5,5,5,1,0.0,,"PZA"
"FX-82LA","CALCULADORA CASIO FX-82LA PLUS",350,266,3,0,1,0.0,,"PZA"
"KD-9835","CALCULADORA KADIO KD-9835",75,36,5,0,1,0.0,,"PZA"
"KK-402","CALCULADORA KENKO KK-402",30,13.5,4,0,1,0.0,,"PZA"
"KK-8838","CALCULADORA KENKO KK-8838",75,37,1,0,1,0.0,,"PZA"
"8905A","CALCULADORA KENKO KK-8905A",50,23,4,0,1,0.0,,"PZA"
"CB220G","CANICAS BOLSA 220G",40,22,7,5,1,0.0,,"PZA"
"CIP1M","CARGADOR IP 1M 2.1A",100,63.5,1,5,1,0.0,,"PZA"
"CCAC","CARGADOR TIPO C A C PD 20W",190,130,1,5,1,0.0,,"PZA"
"CUSBAC","CARGADOR USB A C 1M 2.1A 12W",95,61,1,5,1,0.0,,"PZA"
"CV82","CARGADOR V8 1M 2.4A",90,58,1,5,1,0.0,,"PZA"
"CLEF","CARPETA LEFORT CARTA",40,25,1,0,1,0.0,,"PZA"
"CPLEF","CARPETA PANORAMICA LEFORT CARTA",60,41,1,0,1,0.0,,"PZA"
"CPLFH","CARPETA PANORAMICA LEFORT CARTA PORTADA",72,48,1,0,1,0.0,,"PZA"
"CWJUS","CARPETA WILSON JONES ULTRASEAL CARTA",62,41,1,0,1,0.0,,"PZA"
"CP1H","CARTA PODER 1 HOJA",2,0.6,74,5,1,0.0,,"PZA"
"CPBK","CARTA PODER BLOCK",25,12.6,0,0,1,0.0,,"BCK"
"RA1H","CARTA RESPONSIVA AUTOCOPIANTE 1 HOJA",4,1.7,50,0,1,0.0,,"PZA"
"CR10H","CARTA RESPONSIVA AUTOCOPIANTE 10 HOJAS",30,17,0,1,1,0.0,,"BCK"
"CBLNC","CARTULINA BLANCA",4,1.58,132,5,1,0.0,,"PZA"
"CIC","CARTULINA CAFE IRIS PLUS",11,6.5,10,2,1,0.0,,"PZA"
"CFLOWR","CARTULINA FLOURESCENTE",8,3.6,357,5,1,0.0,,"PZA"
"CNEGR","CARTULINA NEGRA IRIS",8,4,42,2,1,0.0,,"PZA"
"CCP","CARTULINA PASTEL",5,2,254,5,1,0.0,,"PZA"
"CRI","CARTULINA ROJA IRIS",11,6.5,10,2,1,0.0,,"PZA"
"C1/2","CASCARON 1/2",20,8.8,41,0,1,0.0,,"PZA"
"C1/4","CASCARON 1/4",10,4.8,17,0,1,0.0,,"PZA"
"C1/8","CASCARON 1/8",7,2.4,37,0,1,0.0,,"PZA"
"CAP","CELOFAN AMARILLO PLIEGO",10,6,17,2,1,0.0,,"PZA"
"CPA","CELOFAN AZUL PLIEGO",10,6,9,2,1,0.0,,"PZA"
"CRP","CELOFAN ROJO PLIEGO",10,6,23,2,1,0.0,,"PZA"
"CT1P","CELOFAN TRANSPARENTE",6,2.81,154,5,1,0.0,,"PZA"
"CTJ25P","CELOFAN TRANSPARENTE JANEL 25 PZS",110,70.4,0,0,1,0.0,,"XPK"
"CVP","CELOFAN VERDE PLIEGO",10,6,21,2,1,0.0,,"PZA"
"CHBB","CHICLE BUBBALOO",2,0.9,32,1,1,0.0,,"PZA"
"CHB","CHICLE BUBLI",2,0.8,148,1,1,0.0,,"PZA"
"CHC2P","CHICLE CLORETS 2 PASTILLAS",2,0.8,25,1,1,0.0,,"PZA"
"CHT4P","CHICLE TRIDENT 4 PASTILLAS",3,1.8,20,1,1,0.0,,"PZA"
"CHAR","CHIP AT&T REYVA",60,0,2,5,1,0.0,,"PZA"
"CHAT","CHIP AT&T TAYDETEL",60,0,3,5,1,0.0,,"PZA"
"CHBT","CHIP BAIT TAYDETEL",60,0,4,5,1,0.0,,"PZA"
"CHMR","CHIP MOVISTAR REYVA",60,0,2,5,1,0.0,,"PZA"
"CHMT","CHIP MOVISTAR TAYDETEL",60,0,2,5,1,0.0,,"PZA"
"CHTT","CHIP TELCEL TAYDETEL",60,0,6,5,1,0.0,,"PZA"
"CHUR","CHIP UNEFON REYVA",60,0,3,5,1,0.0,,"PZA"
"CHUT","CHIP UNEFON TAYDETEL",60,0,1,5,1,0.0,,"PZA"
"CBL","CINTA BLANCA LOADER",30,15.9,2,5,1,0.0,,"PZA"
"C44X40C","CINTA CANELA 44X40 JANEL",16,8.5,16,5,1,0.0,,"PZA"
"C44X40CP","CINTA CANELA 44X40 PARLER",15,5.9,17,5,1,0.0,,"PZA"
"C48X150J","CINTA CANELA 48X150 JANEL",55,34,5,5,1,0.0,,"PZA"
"C48X50CJ","CINTA CANELA 48X50 JANEL",25,15.31,7,5,1,0.0,,"PZA"
"5101","CINTA DOBLE CARA LEADER",50,25,2,5,1,0.0,,"PZA"
"DCDL","CINTA DOBLE CARA MOUNTING TAPE DL",15,6,8,5,1,0.0,,"PZA"
"CFTS","CINTA FLOWER TAPE SELANUSA",20,10,5,5,1,0.0,,"PZA"
"CM2.0","CINTA METRICA 2.0",10,3.33,13,5,1,0.0,,"PZA"
"CNL","CINTA NEGRA LOADER",30,16.7,1,5,1,0.0,,"PZA"
"CT44X40","CINTA TRANSPARENTE 44X40 JANEL",16,8.7,8,5,1,0.0,,"PZA"
"CTP44X40","CINTA TRANSPARENTE 44X40 PARLER",15,5.9,0,5,1,0.0,,"PZA"
"CT48X150","CINTA TRANSPARENTE 48X150 JANEL",55,35,6,5,1,0.0,,"PZA"
"CT48X50","CINTA TRANSPARENTE 48X50 JANEL",22,12,18,3,1,0.0,,"PZA"
"CPI","CITA PARA EL INE",25,1,0,0,1,0.0,,"PZA"
"CPL","CITA PARA LICENCIA",25,1,0,0,1,0.0,,"PZA"
"CVV","CITA PARA VERIFICAR",25,1,0,0,1,0.0,,"PZA"
"CPR12","CLORES PASTEL RODART 12 PZS",60,40,4,0,1,0.0,,"PZA"
"CSTA","COJIN PARA SELLO TINTA AZUL STAFFORD",45,29.94,1,2,1,0.0,,"PZA"
"CSTN","COJIN PARA SELLO TINTA NEGRO STAFFORD",45,29.24,5,2,1,0.0,,"PZA"
"RCS","COLOR ROJO CARMIN SHELY",7,3.5,46,3,1,0.0,,"PZA"
"CRN","COLOR ROJO NORMA",12,6,10,3,1,0.0,,"BCK"
"CRVP","COLOR ROJO VERITHIM PAPERMATE",11,5.6,33,3,1,0.0,,"PZA"
"CM12C","COLORES MAPITA 12 CORTOS",22,12,9,0,1,0.0,,"PZA"
"CM12L","COLORES MAPITA 12 LARGO",40,22,10,0,1,0.0,,"PZA"
"CM24","COLORES MAPITA 24 COLORES",75,50,0,0,1,0.0,,"PZA"
"CN12C","COLORES NORMA 12 PZS",105,71,1,5,1,0.0,,"PZA"
"CN12D","COLORES NORMA 13 COLORES DOBLE",165,110,2,5,1,0.0,,"PZA"
"CN13+2","COLORES NORMA 15 COLORES 13 + 2",135,89,2,5,1,0.0,,"PZA"
"CN24+4","COLORES NORMA 24+4",240,169,5,5,1,0.0,,"PZA"
"CPM12C","COLORES PAPERMATE 12 CORTOS",22,12,8,0,1,0.0,,"PZA"
"CPM12L","COLORES PAPERMATE 12 LARGOS",40,23.5,6,0,1,0.0,,"PZA"
"CPM24C","COLORES PAPERMATE 24 COLORES",70,45.5,10,0,1,0.0,,"PZA"
"CT12C","COLORES TWISTABLES CRAYOLA 12 COLORES",125,87,1,0,1,0.0,,"PZA"
"CV12","COLORES VIVIDEL 12 COLORES",70,44.3,6,5,1,0.0,,"PZA"
"CVD12","COLORES VIVIDEL 12 COLORES DOBLE",115,75.5,5,5,1,0.0,,"PZA"
"CV12D","COLORES VIVIDEL 12 DOBLES",115,75.5,5,1,1,0.0,,"PZA"
"CV12C","COLORES VIVIDEL 12 PZS",70,44.5,6,1,1,0.0,,"PZA"
"CV24P","COLORES VIVIDEL 24 COLORES",125,83,4,5,1,0.0,,"PZA"
"CV24C","COLORES VIVIDEL 24 PZS",125,83,4,1,1,0.0,,"PZA"
"CV36P","COLORES VIVIDEL 36 COLORES",190,128,2,5,1,0.0,,"PZA"
"CV36C","COLORES VIVIDEL 36 PZS",190,128,2,1,1,0.0,,"PZA"
"CVTJ12","COLORES VIVIDEL TRIANGULAR JUMBO",105,70,5,1,1,0.0,,"PZA"
"CVT12J","COLORES VIVIDEL TRIANGULAR JUMBO 12 PZS",105,70,5,5,1,0.0,,"PZA"
"1020","COMPAS METALICO PRECISION SCOOL 1020",70,40.4,2,5,1,0.0,,"PZA"
"40940","COMPAS METALICO PRECISION SMART 40940",60,37,1,5,1,0.0,,"PZA"
"40941","COMPAS METALICO PRECISION SMART 40941",65,41,1,5,1,0.0,,"PZA"
"1092","COMPAS PLASTICO PRECISION SCOOL 1092",25,13.4,5,5,1,0.0,,"PZA"
"5010J","COMPAS PLASTICO PRECISION SHELY 5010J",50,33,1,5,1,0.0,,"PZA"
"40944","COMPAS PLASTICO PRECISION SMART 40944",30,18,4,5,1,0.0,,"PZA"
"C1MJ","CONTAC 1 METRO JANEL",12,5.8,0,0,1,0.0,,"PZA"
"C1MM","CONTAC 1 METRO MATIZ",12,5.2,0,0,1,0.0,,"PZA"
"CMMJ","CONTAC MEDIO METRO JANEL",6,3,0,0,1,0.0,,"PZA"
"CMMM","CONTAC MEDIO METRO MATIZ",7,2.6,0,0,1,0.0,,"PZA"
"CS1M","CONTAC SCOOL 1 METRO",14,7.4,20,3,1,0.0,,"BCK"
"C20M","CONTAC SCOOL 20 METROS",200,148,0,1,1,0.0,,"RLL"
"C1M","CONTACTEL 1 METRO",5,2.5,0,0,1,0.0,,"PZA"
"CA1H","CONTRATO DE ARRENDAMIENTO 1 HOJA",3,0.84,69,5,1,0.0,,"PZA"
"CP01","COPIA BASICA 1",1,0.3,0,0,1,0.0,,"PZA"
"CP02","COPIA CARTA DOBLE LADO 2",2,0.5,0,0,1,0.0,,"PZA"
"CB03","COPIA COLOR BASICA 3",3,0.3,0,0,1,0.0,,"PZA"
"CIC05","COPIA INE COLOR 200% 5",5,0.5,0,0,1,0.0,,"PZA"
"CC03","COPIA INE COLOR 3",3,0.3,0,0,1,0.0,,"PZA"
"CI02","COPIA INE NEGRO 2",2,0.3,0,0,1,0.0,,"PZA"
"CI03","COPIA INE NEGRO 200% 3",3,0.5,0,0,1,0.0,,"PZA"
"CC10015","COPIA LLENA IMAGEN COLOR 100% 15",15,2,0,0,1,0.0,,"PZA"
"COD03","COPIA OFICIO DOBLE LADO 3",3,0.7,0,0,1,0.0,,"PZA"
"CO1L02","COPIA OFICIO UN LADO 2",2,0.5,0,0,1,0.0,,"PZA"
"CDC40","COPIA TAMAÑO DOBLE CARTA COLOR 100% 40",40,5,0,0,1,0.0,,"PZA"
"CDC20","COPIA TAMAÑO DOBLE CARTA COLOR 50 20",20,3,0,0,1,0.0,,"PZA"
"CDC07","COPIA TAMAÑO DOBLE CARTA TEXTO 7",7,2,0,0,1,0.0,,"PZA"
"CPGE","CORDON PARA GAFETE",6,2.5,195,0,1,0.0,,"PZA"
"CBMT","CORRECTOR BIC MINI TAPE DE CINTA 6M",47,31.3,2,0,1,0.0,,"PZA"
"30085","CORRECTOR CINTA SMART",35,22,2,5,1,0.0,,"PZA"
"30075","CORRECTOR CINTA SMART OFFICE",32,20.76,1,5,1,0.0,,"PZA"
"CLP","CORRECTOR LIQUIDO PELIKAN",20,10.1,8,0,1,0.0,,"PZA"
"30066","CORRECTOR PLUMA SMART OFFICE 30066",24,11.8,10,0,1,0.0,,"PZA"
"CCH","CORTAHUÑAS CHCO TRYM",20,10,8,5,1,0.0,,"PZA"
"CGR","CORTAHUÑAS GRANDE ROYAL",35,16.7,0,5,1,0.0,,"PZA"
"CPFM","CORTINA PARA FIESTA METALICA",20,9.5,39,0,1,0.0,,"PZA"
"CPMTJ","CRAYOLA PAPERMATE TRIANGULAR JUMBO 12",46,30.5,5,0,1,0.0,,"PZA"
"40525","CRAYOLA SMARTY COLORS MEGA 12 PZS",65,40.77,6,0,1,0.0,,"PZA"
"40502","CRAYOLA SMARTY DELGADA 24 PZS",33,22,3,0,1,0.0,,"PZA"
"CVVD12","CRAYOLA VIVIDEL DELGADA 12 PZS",20,13,5,0,1,0.0,,"PZA"
"CVD24","CRAYOLA VIVIDEL DELGADA 24 PZS",37,24,3,0,1,0.0,,"PZA"
"CVEG12","CRAYOLA VIVIDEL EXTRAGRUESA 12 PZS",45,28,10,0,1,0.0,,"PZA"
"CVE24","CRAYOLA VIVIDEL EXTRAGRUESA 24 PZS",80,54.5,2,0,1,0.0,,"PZA"
"CMM","CRAYON MAESTRO MUSSA ROJO O BLANCO",20,8,15,0,1,0.0,,"PZA"
"CTCHO","CUADERNO DE TAQUIGRAFIA CHOFIS",15,7.5,1,0,1,0.0,,"PZA"
"CFJBC5","CUADERNO FRANCES JEAN BOOK C5",70,48.7,3,5,1,0.0,,"PZA"
"CFJBC7","CUADERNO FRANCES JEAN BOOK C7",70,48.7,4,5,1,0.0,,"PZA"
"CFSPDC5","CUADERNO FRANCES PASTA DURA SCRIBE C5",50,35.5,1,5,1,0.0,,"PZA"
"CFPDSC7","CUADERNO FRANCES PASTA DURA SCRIBE C7",50.0005,35.5,1,5,1,0.0,,"PZA"
"CFRC5","CUADERNO FRANCES RAYTER C5",22,14,16,5,1,0.0,,"PZA"
"CFRC7","CUADERNO FRANCES RAYTER C7",22,14,25,0,1,0.0,,"PZA"
"CFSR","CUADERNO FRANCES SELECTO RAYA",22,11.5,14,5,1,0.0,,"PZA"
"CFCCA","CUADERNO FRANCES SWING COSI CUADRO ALEMAN",28,18.5,4,1,1,0.0,,"PZA"
"CIMCA","CUADERNO ITALIANO C-ALEMAN",22,15,9,5,1,0.0,,"PZA"
"IDRR","CUADERNO ITALIANO DOBLE RAYA RAYTER",22,14,8,5,1,0.0,,"PZA"
"CIPS","CUADERNO ITALIANO SCRIBE PAUTADO",25,16.37,8,5,1,0.0,,"PZA"
"CISC5","CUADERNO ITALIANO SELECTO C5",22,14,26,5,1,0.0,,"PZA"
"CISC7","CUADERNO ITALIANO SELECTO C7",22,11.5,33,5,1,0.0,,"PZA"
"XPC5","CUADERNO PRO X-PRESARTE NORMA C5",75,49.13,6,5,1,0.0,,"PZA"
"CXC7","CUADERNO PRO X-PRESARTE NORMA C7",75,49.5,3,5,1,0.0,,"PZA"
"CPMPD100HC5","CUADERNO PROFESIONAL MONKY PASTA DURA 100H C5",65,45.79,5,2,1,0.0,,"PZA"
"CPPD100HC7","CUADERNO PROFESIONAL MONKY PASTA DURA 100H C7",65,45.79,5,2,1,0.0,,"PZA"
"CPM200PD","CUADERNO PROFESIONAL MONKY PASTA DURA 200H C5",105,74.39,3,2,1,0.0,,"PZA"
"CPMPD200H","CUADERNO PROFESIONAL MONKY PASTA DURA 200H C7",105,74.39,4,2,1,0.0,,"PZA"
"CS200BC5","CUADERNO PROFESIONAL SCRIBE 200H C5",70,46,5,5,1,0.0,,"PZA"
"CPS200HC7","CUADERNO PROFESIONAL SCRIBE 200H C7",70,46,6,5,1,0.0,,"PZA"
"CPSBSM","CUADERNO PROFESIONAL SCRIBE BLANCO S/M",22,15.5,36,5,1,0.0,,"PZA"
"CPSCA","CUADERNO PROFESIONAL SCRIBE C ALEMAN",22,17.4,24,5,1,0.0,,"PZA"
"CPSC5","CUADERNO PROFESIONAL SCRIBE C5 100H",22,15.5,396,5,1,0.0,,"PZA"
"CPSC7","CUADERNO PROFESIONAL SCRIBE C7 100H",22,15.5,97,5,1,0.0,,"PZA"
"CPSCC5","CUADERNO PROFESIONAL SCRIBE COSIDO C5 100H",60,40.21,3,1,1,0.0,,"PZA"
"CPSDR","CUADERNO PROFESIONAL SCRIBE DOBLE RAYA",22,16.5,10,1,1,0.0,,"PZA"
"CPSR","CUADERNO PROFESIONAL SCRIBE RAYA 100H",22,15.5,48,5,1,0.0,,"PZA"
"CCPSC","CUADERNO PROFESIONAL SWING COSI C5",45,28.4,0,1,1,0.0,,"PZA"
"CPSCC7","CUADERNO PROFESIONAL SWING COSI C7",45,28.4,2,1,1,0.0,,"PZA"
"CPCAC","CUADERNO PROFESIONAL SWING COSI CUADRO ALEMAN",45,28.4,4,1,1,0.0,,"PZA"
"CPS","CUADERNO PROFESIONAL SWING MIX 100H",20,14.8,415,5,1,0.0,,"PZA"
"CPSBCM","CUADERNO ROFESIONAL SCRIBE BLANCO C/M",22,15.5,63,5,1,0.0,,"PZA"
"MT70H","CUADERNO TAQUIGRAFIA MONKY 70 HOJAS",15,7,3,0,1,0.0,,"PZA"
"CDRU","CUBO DE RUBI",32,17,5,1,1,0.0,,"PZA"
"CTEI","CUENTO DE TEXTO EDITORIAL INFANTIL",25,15.8,4,1,1,0.0,,"PZA"
"CDPD","CUERDA DELGADA FINA PARA DEPORTE",25,12.5,7,2,1,0.0,,"PZA"
"CBPD","CUERDA METALICA PARA DEPORTE",22,10.9,6,2,1,0.0,,"PZA"
"CURP","CURP",10,0.5,0,0,1,0.0,,"PZA"
"SCHS","CUTTER CHICO SCOOL",8,4,74,5,1,0.0,,"PZA"
"CGS","CUTTER SCOOL GRANDE",10,3.7,6,5,1,0.0,,"PZA"
"10052","CUTTER SMART GRANDE 10052",17,8.39,11,5,1,0.0,,"PZA"
"10053","CUTTER SMART GRANDE 10053",60,37,1,5,1,0.0,,"PZA"
"DN11","DEDAL 11 Y12",5,3,9,5,1,0.0,,"PZA"
"SKC","DESEBRADOR CHICO SKC",10,5,7,5,1,0.0,,"PZA"
"DS50G","DIAMANTINA SCOOL 50G",20,12.3,19,5,1,0.0,,"PZA"
"DS10G","DIAMANTINA SMART 10G",7,3.38,45,0,1,0.0,,"PZA"
"DS2.5G","DIAMANTINA SMART SOBRE 2.5G",3,1.3,96,0,1,0.0,,"PZA"
"D1G","DIAMANTINA SOBRE 1G",2,1,0,0,1,0.0,,"PZA"
"DABL","DICCIONARIO AZUL BASICO LAROUSE",80,53,5,2,1,0.0,,"PZA"
"DMN","DICCIONARIO DE MATEMATICAS",30,15,1,1,1,0.0,,"PZA"
"DMA","DICCIONARIO DE MATEMATICAS AZUL 6825",30,15,11,1,1,0.0,,"PZA"
"DEI","DICCIONARIO ESPAÑOL INGLES",95,61,2,1,1,0.0,,"PZA"
"DRBL","DICCIONARIO ROJO BASICO LAROUSE",115,76,1,2,1,0.0,,"PZA"
"DSYA","DICCIONARIO SINONIMOS Y ANTONIMOS",105,70,2,1,1,0.0,,"PZA"
"DVBL","DICCIONARIO VERDE BASICO LAROUSE",145,97,3,2,1,0.0,,"PZA"
"D12X10","DIUREX CHICO JANEL 12X10",4,1.3,51,5,1,0.0,,"PZA"
"DIUD","DIUREX DECORATIVO METALICO",4,1.25,103,0,1,0.0,,"PZA"
"DG18X33","DIUREX GRANDE JANEL 18X33",14,7,10,5,1,0.0,,"PZA"
"D18X65","DIUREX JANEL 18X65",24,15,2,5,1,0.0,,"PZA"
"D24X65","DIUREX JANEL 24X65",32,20,1,5,1,0.0,,"PZA"
"D12X33","DIUREX MEDIANO JANEL 12X33",10,4.49,28,5,1,0.0,,"PZA"
"DDME","DOMINO DE MADERA ECONOMICO",25,15,2,1,1,0.0,,"PZA"
"DSN","DULCE SUPERNATILLA MONTES",1,0.5,100,1,1,0.0,,"PZA"
"E1-20","ENGARGOLADO 1-20 HOJAS",22,5.5,0,0,1,0.0,,"PZA"
"E111-140","ENGARGOLADO 111-140 HOJAS",30,6.5,0,0,1,0.0,,"PZA"
"E141-160","ENGARGOLADO 141-160 HOJAS",35,7,0,0,1,0.0,,"PZA"
"E161-190","ENGARGOLADO 161-190 HOJAS",40,7.5,0,0,1,0.0,,"PZA"
"191-220","ENGARGOLADO 191-220 HOJAS",45,10,0,0,1,0.0,,"PZA"
"E21-33","ENGARGOLADO 21-33 HOJAS",24,5.5,0,0,1,0.0,,"PZA"
"E221-250","ENGARGOLADO 221-250 HOJAS",50,9.5,0,0,1,0.0,,"PZA"
"E34-74","ENGARGOLADO 34-74 HOJAS",26,5.5,0,0,1,0.0,,"PZA"
"E75-110","ENGARGOLADO 75-110 HOJAS",28,5.7,0,0,1,0.0,,"PZA"
"EN962CC","ENGRAPADORA PASCUA GRANDE",130,75,2,5,1,0.0,,"PZA"
"0317B","ENGRAPADORA SHELY CHICA",45,25,8,5,1,0.0,,"PZA"
"E100X145","ENMICADO 10 100X145",10,4,0,0,1,0.0,,"PZA"
"ENMR","ENMICADO 12 REGULAR",12,5,0,0,1,0.0,,"PZA"
"EPROM","ENMICADO 14 PROMEDIO",14,6,0,0,1,0.0,,"PZA"
"EGRA","ENMICADO 15 GRANDE",15,5,0,0,1,0.0,,"PZA"
"E20","ENMICADO 20 TAMAÑO CARTA",20,6.8,0,0,1,0.0,,"PZA"
"E22","ENMICADO 22 TAMAÑO OFICIO",22,10,0,0,1,0.0,,"PZA"
"E60X90","ENMICADO 7 60X90",7,1,0,0,1,0.0,,"PZA"
"E80X15","ENMICADO 8 80X15",8,1.3,0,0,1,0.0,,"PZA"
"E90X135","ENMICADO 9 90X135",9,3,0,0,1,0.0,,"PZA"
"300Y-15","ENSARTE LETRAS 300Y-15",80,50,1,1,1,0.0,,"PZA"
"ESCM","ESCALIMETRO MAPED 30CM TECHIC PROFESIONAL",55,35,3,0,1,0.0,,"PZA"
"ED5","ESCANEAR 1 DOCUMENTO $5",5,0.2,0,0,1,0.0,,"PZA"
"EDM5","ESCANEAR DOCUMENTO MAS DE 5 $3",3,0.2,0,0,1,0.0,,"PZA"
"E110H","ESPIRAL 110 HOJAS",4,1.5,150,0,1,0.0,,"PZA"
"E140H","ESPIRAL 140 HOJAS",5,2.3,50,0,1,0.0,,"PZA"
"E160H","ESPIRAL 160 HOJAS",6,2.8,30,0,1,0.0,,"PZA"
"E190H","ESPIRAL 190 HOJAS",7,3.5,25,0,1,0.0,,"PZA"
"E220H","ESPIRAL 220 HOJAS",8,3.8,8,0,1,0.0,,"PZA"
"E250H","ESPIRAL 250 HOJAS",10,5.2,14,0,1,0.0,,"PZA"
"E33H","ESPIRAL 33 HOJAS",2,0.85,100,0,1,0.0,,"PZA"
"E74H","ESPIRAL 74 HOJAS",3,1.3,60,0,1,0.0,,"PZA"
"EDM1H","ESQUEMA DE MAYOR 1 HOJA",2,0.5,386,5,1,0.0,,"PZA"
"EDMB","ESQUEMA DE MAYOR 50 HOJAS",40,25,0,0,1,0.0,,"BCK"
"EDL","ESTILOGRAFO DESING LINER MANNY",38,24,12,5,1,0.0,,"PZA"
"EAUTA","ESTRELLAS ADHERIBLES PLANILLA",4,2,0,0,1,0.0,,"PZA"
"EPPBP","ETIQUETA PARA PRECIO BLANCA 12 PLANILLAS JANEL",28,15,0,0,1,0.0,,"XPK"
"EPPJ","ETIQUETA PARA PRECIO BLANCA PLANILLA JANEL",5,1.3,56,5,1,0.0,,"PZA"
"EPPCPJ","ETIQUETA PARA PRECIO COLOR 12 PLANILLAS JANEL",28,15,0,0,1,0.0,,"XPK"
"EPPCT","ETIQUETA PARA PRECIO COLOR 12 PLANILLAS TRANSFER",28,13.3,0,5,1,0.0,,"XPK"
"EPPCP","ETIQUETA PARA PRECIO COLOR PLANILLA JANEL",5,1.9,68,5,1,0.0,,"PZA"
"EPPTP","ETIQUETA PARA PRECIO COLOR PLANILLA TRANSFER",5,1.9,49,5,1,0.0,,"PZA"
"FB2X1$","FICHA BIBLIOGRAFICA 2 FICHAS",1,0.2,600,1,1,0.0,,"PZA"
"FB100F","FICHA BIBLIOGRAFICA BLANCA O RAYADA 100 FICHAS",24,12,6,1,1,0.0,,"PZA"
"FTS","FICHA DE TRABAJO 1 FICHA",1,0.33,390,1,1,0.0,,"PZA"
"FT100F","FICHA DE TRABAJO BLANCA O RAYADA 100 FICHAS",50,33,4,1,1,0.0,,"PZA"
"FD100P","FICHA DIDACTICA BOLSA CON 100 FICHAS",55,30,6,1,1,0.0,,"BSA"
"FSC","FLAUTA SHELY",55,35,3,0,1,0.0,,"PZA"
"FYE","FLAUTA YAMAHA ESCOLAR",140,95,4,0,1,0.0,,"PZA"
"FTCC","FOLDER CARTA",5,1.85,452,0,1,0.0,,"PZA"
"FOTC","FOLDER CARTA OSCURO",8,4.76,139,5,1,0.0,,"PZA"
"FDCK","FOLDER DE COSTILLA",10,5,20,5,1,0.0,,"PZA"
"FMAGO","FOLDER DE PALANCA MAGOCOS CARTA",60,40,0,0,1,0.0,,"PZA"
"FDPS","FOLDER DE PALANCA SMART CARTA",64,42.64,3,0,1,0.0,,"PZA"
"FTOC","FOLDER OFICIO",5,2,397,0,1,0.0,,"PZA"
"FTOO","FOLDER OFICIO OSCURO",10,5,76,5,1,0.0,,"PZA"
"FPA+","FOLDER PLASTICO CARTA A+",10,3.4,8,5,1,0.0,,"PZA"
"FPSC","FOLDER PLASTICO CARTA SMART BROCHE",25,14.12,8,5,1,0.0,,"PZA"
"FMCV","FOLDER PLASTICO MAE CARTA VERTICAL",26,16.7,12,5,1,0.0,,"PZA"
"FMTO","FOLDER PLASTICO OFICIO MAE ORIZONTAL",30,18.5,12,5,1,0.0,,"PZA"
"FOVM","FOLDER PLASTICO OFICIO VERTICAL MAE",30,18.5,12,5,1,0.0,,"PZA"
"FPOSB","FOLDER PLASTICO OFIFIO SMART BROCHE",30,19.17,4,5,1,0.0,,"PZA"
"HDFD","FOMY DIAMANTADO HOJA",5,1.5,321,5,1,0.0,,"PZA"
"HFDC","FOMY HOJA DE COLOR",3,1.15,275,5,1,0.0,,"PZA"
"FM1C","FOMY MOLDEABLE 1 COLOR PASCUA",20,12.27,34,5,1,0.0,,"PZA"
"FM12C","FOMY MOLDEABLE 12 COLORES BAOKU",30,15,14,5,1,0.0,,"PZA"
"FEPC","FOMY PLIEGO DE COLOR",25,12,32,5,1,0.0,,"PZA"
"PFDC","FOMY PLIEGO DIAMANTADO",20,8,49,5,1,0.0,,"PZA"
"FCPE","FORRO PARA CUADERNO PROFESIONAL ESCOLAR",10,4.4,15,0,1,0.0,,"PZA"
"FTC","FOTO TAMAÑO CARTA",40,12,0,0,1,0.0,,"PZA"
"FMC","FOTO TAMAÑO MEDIA CARTA X2",45,14,0,0,1,0.0,,"PZA"
"FTI","FOTOS TAMAÑO INFANTIL",35,10,0,0,1,0.0,,"PZA"
"FC90H","FRANCESITA CHOFIS 90 HOJAS",18,9,3,0,1,0.0,,"PZA"
"FRANCH","FRANCESITA CHOFIS FIGURAS",18,9,3,5,1,0.0,,"PZA"
"FRANC","FRANCESITA USUAL C5 C7",18,9,5,5,1,0.0,,"PZA"
"FU57","FRANCESITA USUAL C5 C7 80 HOJAS",18,9,5,0,1,0.0,,"PZA"
"GPEH","GANCHO PARA ESFERA HOOKS",10,4.6,14,5,1,0.0,,"PZA"
"GPT","GANCHO PARA TEJER",20,12,8,5,1,0.0,,"PZA"
"GB12","GIS BLANCO 12 PZS BACO",13,7.5,9,0,1,0.0,,"PZA"
"GBS","GIS BLANCO SUELTO BACO",1,0.4,95,0,1,0.0,,"PZA"
"GDCB","GIS DE COLOR BACO 12",18,10,10,0,1,0.0,,"PZA"
"GAN7","GLOBO AMARILLO NO.7 BOLSA C/100 GLOBOS",75,50,2,1,1,0.0,,"BSA"
"GACN7","GLOBO AZUL CIELO NO.7 BOLSA C/100 GLOBOS",75,50,2,1,1,0.0,,"BSA"
"GARN7","GLOBO AZUL REY NO.7 BOLSA C/100 GLOBOS",75,50,2,1,1,0.0,,"BSA"
"GBN7","GLOBO BLANCO NO.7 BOLSA C/100 GLOBOS",75,50,0,1,1,0.0,,"BSA"
"GMN9","GLOBO METALIZADO NO.9 BOLSA C/100 GLOBOS",140,90,1,1,1,0.0,,"BSA"
"GMN9S","GLOBO METALIZADO NO.9 SUELTO",3,1,0,0,1,0.0,,"PZA"
"GNN7","GLOBO NEGRO NO.7 BOLSA C/100 GLOBOS",75,50,1,1,1,0.0,,"BSA"
"GPN7","GLOBO PURPURA NO.7 BOLSA C/100 GLOBOS",75,50,2,0,1,0.0,,"PZA"
"GRN7","GLOBO ROJO NO.7 BOLSA C/100 GLOBOS",75,50,1,1,1,0.0,,"BSA"
"GRPN7","GLOBO ROSA PASTEL NO.7 BOLSA C/100 GLOBOS",75,50,1,1,1,0.0,,"BSA"
"GSN270","GLOBO SALCHICHA NO.270 BOLSA C/100 GLOBOS",110,75,1,1,1,0.0,,"BSA"
"GSS","GLOBO SALCHICHA SUELTO",2,0.75,0,0,1,0.0,,"PZA"
"GLSN12","GLOBO SUELTO NO.12",3,1.13,0,0,1,0.0,,"PZA"
"GN6S","GLOBO SUELTO NO.5 Y 6",1,0.3,0,0,1,0.0,,"PZA"
"GN7S","GLOBO SUELTO NO.7",1,0.5,0,0,1,0.0,,"PZA"
"GS","GLOBO SUELTO NO.9",2,0.67,0,0,1,0.0,,"PZA"
"GSN12","GLOBO SURTIDO NO.12 BOLSA C/100 GLOBOS",170,113,2,1,1,0.0,,"BSA"
"GSN5","GLOBO SURTIDO NO.5 BOLSA C/100 G",45,27.5,1,1,1,0.0,,"BSA"
"GSN6","GLOBO SURTIDO NO.6 BOLSA C/100 GLOBOS",55,34,3,1,1,0.0,,"BSA"
"GSN7","GLOBO SURTIDO NO.7 BOLSA C/100 GLOBOS",75,50,3,1,1,0.0,,"BSA"
"GSN9","GLOBO SURTIDO NO.9 BOLSA C/100 GLOBOS",100,67,2,1,1,0.0,,"BSA"
"GVPN7","GLOBO VERDE PURPURA NO.7 BOLSA C/100 GLOBOS",75,50,2,0,1,0.0,,"PZA"
"G36R","GOMA FACTIS 36R",7,3.2,84,5,1,0.0,,"PZA"
"FS20","GOMA FACTIS S20",12,6,28,5,1,0.0,,"PZA"
"P5040","GRAPA PILOT STANDAR 5040 GRAPAS",65,43,1,1,1,0.0,,"PZA"
"P1000","GRAPA PILOTO 1000 GRAPAS",27,16,6,1,1,0.0,,"PZA"
"CN2","HILO CAÑAMO OMEGA NO.2",40,24.6,8,5,1,0.0,,"PZA"
"H60","HILO JERRY 60",5,2.3,9,5,1,0.0,,"PZA"
"HO150","HILO OMEGA  150M",10,4.5,41,5,1,0.0,,"PZA"
"HTS","HILO TRANSPARENTE COATS SERALON",12,6.3,4,5,1,0.0,,"PZA"
"HC100H","HOJA CARTA 100 HOJAS",30,12.4,0,0,1,0.0,,"PZA"
"HC50H","HOJA CARTA 50 HOJAS",15,6.2,0,0,1,0.0,,"PZA"
"HC500H","HOJA CARTA 500 HOJAS",105,62,0,0,1,0.0,,"PZA"
"HC2X1","HOJA CARTA SUELTA",1,0.3,0,0,1,0.0,,"PZA"
"HDBG","HOJA DE BALANCE GENERAL",3,1.08,139,5,1,0.0,,"PZA"
"BG50H","HOJA DE BALANCE GENERAL 50 HOJAS",80,54,0,5,1,0.0,,"BCK"
"HDCO","HOJA DE COLOR OSCURO SUELTA 1 HOJA",1,0.5,566,0,1,0.0,,"PZA"
"HDCP1000H","HOJA DE COLOR PASTEL 100 HOJAS",50,25,0,0,1,0.0,,"PZA"
"HCP50","HOJA DE COLOR PASTEL 50 HOJAS",26,12,0,0,1,0.0,,"PZA"
"HDCPS","HOJA DE COLOR PASTEL SUELTA 3 HOJAS",2,0.42,0,0,1,0.0,,"PZA"
"HODC","HOJA DECORADA CON FIGURA",2,1,0,0,1,0.0,,"PZA"
"HEA","HOJA ETIQUETA AUTOADHERIBLE",5,2,19,0,1,0.0,,"PZA"
"HHTM","HOJA HOLOGRAFICA TRANSPARENTE MECOLOUR",15,8.5,24,2,1,0.0,,"PZA"
"HMB","HOJA MILIMETRICA BLOCK 50 HOJAS",35,21,0,5,1,0.0,,"XPK"
"HMS","HOJA MILIMETRICA SUELTA",2,0.5,110,5,1,0.0,,"PZA"
"HOBI","HOJA OPALINA GRUESA BLANCA",3,1,56,0,1,0.0,,"PZA"
"HCC5","HOJA PARA CARPETA C5 100 HOJAS",45,26,0,0,1,0.0,,"PZA"
"HCC7","HOJA PARA CARPETA C7 CON 100 HOJAS",45,26,3,0,1,0.0,,"PZA"
"HRD1H","HOJA RAYADO DIARIO 1 HOJA",2,0.5,150,5,1,0.0,,"PZA"
"RDBK","HOJA RAYADO DIARIO 50 HOJAS",40,23,0,5,1,0.0,,"BCK"
"HR2H","HOJA REVOLUCION 2 HOJAS",1,0.2,0,0,1,0.0,,"PZA"
"HT3C","HOJA TABULAR 3 COLUMNAS 1 HOJA",2,0.5,350,5,1,0.0,,"PZA"
"HT3CB","HOJA TABULAR 3 COLUMNAS 50 HOJAS",40,23,0,5,1,0.0,,"BCK"
"HT4C","HOJA TABULAR 4 COLUMNAS 1 HOJA",2,0.5,315,5,1,0.0,,"PZA"
"HT4CB","HOJA TABULAR 4 COLUMNAS 50 HOJAS",40,23,0,5,1,0.0,,"BCK"
"HT8C","HOJA TABULAR 8 COLUMNAS 1 HOJA",2,0.5,137,5,1,0.0,,"PZA"
"HT8CB","HOJA TABULAR 8 COLUMNAS 50 HOJAS",72,48,0,5,1,0.0,,"BCK"
"HC1M","HULE CRISTAL 1 METRO NO.2.5",15,10,0,0,1,0.0,,"PZA"
"HCN41M","HULE CRISTAL 1 METRO NO.4",30,12,0,0,1,0.0,,"PZA"
"HCC1M","HULE CRISTAL CORTO 1 METRO",10,5.1,0,0,1,0.0,,"PZA"
"HCCMM","HULE CRISTAL CORTO MEDIO METRO",6,2.6,0,0,1,0.0,,"PZA"
"HCMM","HULE CRISTAL MEDIO METRO NO.  2.5",8,5,0,0,1,0.0,,"PZA"
"HCN4MM","HULE CRISTAL MEDIO METRO NO.4",15,7.5,0,0,1,0.0,,"PZA"
"HCP1M","HULE CRISTAL PLANCHADO 1 METRO GANTE",8,3,0,0,1,0.0,,"PZA"
"HCPMM","HULE CRISTAL PLANCHADO MEDIO METRO GANTE",5,1.5,0,0,1,0.0,,"PZA"
"I1/2","ILUSTRACION 1/2 JISS",44,25.4,8,0,1,0.0,,"PZA"
"I1/4","ILUSTRACION 1/4 JISS",22,12.7,6,0,1,0.0,,"PZA"
"I1/8","ILUSTRACION 1/8 JISS",12,6.4,19,0,1,0.0,,"PZA"
"IT1","IMPRESION I1",1,0.2,0,0,1,0.0,,"PZA"
"IT2","IMPRESION I2",2,0.2,0,0,1,0.0,,"PZA"
"IT3","IMPRESION I3",3,0.3,0,0,1,0.0,,"PZA"
"IC4","IMPRESION I4",4,0.3,0,0,1,0.0,,"PZA"
"IC5","IMPRESION I5",5,0.4,0,0,1,0.0,,"PZA"
"IC6","IMPRESION I6",6,0.3,0,0,1,0.0,,"PZA"
"IC7","IMPRESION I7",7,0.4,0,0,1,0.0,,"PZA"
"IC8","IMPRESION I8",8,0.6,0,0,1,0.0,,"PZA"
"IC9","IMPRESION I9",9,0.7,0,0,1,0.0,,"PZA"
"IC10","IMPRESION T10",10,0.8,0,0,1,0.0,,"PZA"
"IC11","IMPRESION T11",11,1,0,0,1,0.0,,"PZA"
"IC12","IMPRESION T12",12,1,0,0,1,0.0,,"PZA"
"IC13","IMPRESION T13",13,1.3,0,0,1,0.0,,"PZA"
"IPHOLO","IMPRESION T35 PAPEL HOLOGRAFICO",40,15,0,0,1,0.0,,"PZA"
"JDME","JENGA DE MADERA ECONOMICO CHICO",40,20,2,1,1,0.0,,"PZA"
"JGMP","JUEGO GEOMETRICO FLEXIBLE MAPED POCKET",120,80,1,0,1,0.0,,"PZA"
"4111","JUEGO GEOMETRICO FLEXIBLE SHELY 4111",80,63,2,5,1,0.0,,"PZA"
"GYARK","JUEGO GEOMETRICO FLEXIBLE YARK",85,55,6,5,1,0.0,,"PZA"
"GROS","JUEGO GEOMETRICO MARROS",38,22,4,5,1,0.0,,"PZA"
"KBM","KAIMAN BROCHE METALICO",5,2,67,5,1,0.0,,"PZA"
"KOLO","KOLA LOKA TUBO",26,15.5,6,0,1,0.0,,"PZA"
"LT1C","LAPICERA DE TELA 1 CIERRE C/FIGURA ECONOMICA",25,12,5,5,1,0.0,,"PZA"
"1148-M","LAPICERA DE TELA 1 CIERRE C/FIGURA JOCAR",56,37,3,5,1,0.0,,"PZA"
"LT2C","LAPICERA DE TELA DOBLE CIERRE CON FIGURA",35,18,4,5,1,0.0,,"PZA"
"24812","LAPICERA PLASTICO CHICA SMARTY",30,16,1,0,1,0.0,,"PZA"
"24816","LAPICERA PLASTICO SMARTY  GRANDE",55,35,2,0,1,0.0,,"PZA"
"S0.5","LAPICERO SABONIS 0.5",20,8,12,5,1,0.0,,"PZA"
"S0.7","LAPICERO SABONIS 0.7",20,11,5,5,1,0.0,,"PZA"
"LDSMART","LAPIZ DE DIBUJO SMART",12,5.6,30,0,1,0.0,,"PZA"
"LDDT","LAPIZ DE DIBUJO TURQUEZA",16,10,77,5,1,0.0,,"PZA"
"DUOS","LAPIZ DUO SHELY",7,3.5,25,5,1,0.0,,"PZA"
"LEB","LAPIZ ENTRENADOR BACO TEACHER",12,6,1,5,1,0.0,,"PZA"
"LESCOOL","LAPIZ ENTRENADOR SCOOL",13,6.5,6,5,1,0.0,,"PZA"
"SX-59","LAPIZ INFINITO SX-59",15,5.5,7,5,1,0.0,,"PZA"
"LMN2","LAPIZ MAPED BLACKPEPS",6,3.1,48,5,1,0.0,,"PZA"
"LMNO2","LAPIZ MIRADO NO.2",7,3.3,21,5,1,0.0,,"PZA"
"LDC1H","LETRA DE CAMBIO 1 HOJA",2,0.26,150,5,1,0.0,,"PZA"
"LDC50H","LETRA DE CAMBIO 50 HOJAS",25,13,0,5,1,0.0,,"BCK"
"GREATB","LIBRO PARA COLOREAR BATMAN GREAT",60,30,2,1,1,0.0,,"PZA"
"GREATDB","LIBRO PARA COLOREAR DRAGON BALL GREAT",60,30,2,1,1,0.0,,"PZA"
"GREATF","LIBRO PARA COLOREAR FROZEN GREAT",60,30,3,0,1,0.0,,"PZA"
"GREATJ","LIBRO PARA COLOREAR JUMBO GREAT",60,30,3,1,1,0.0,,"PZA"
"GREATM","LIBRO PARA COLOREAR MINNIE GREAT",60,30,1,0,1,0.0,,"PZA"
"GREATS","LIBRO PARA COLOREAR SPIDERMAN GREAT",60,30,2,1,1,0.0,,"PZA"
"GREATT","LIBRO PARA COLOREAR TOYSTORY GREAT",60,30,3,0,1,0.0,,"PZA"
"LAN10","LIGA COLOR NATURAL ABI NO.10",30,18.18,3,0,1,0.0,,"PZA"
"LAN18","LIGA COLOR NATURAL ABI NO.18",30,18.18,3,0,1,0.0,,"PZA"
"LAN33","LIGA COLOR NATURAL ABI NO.33",30,18.18,3,0,1,0.0,,"PZA"
"LASN","LIGA COLOR NATURAL SUELTA 3 LIGAS",1,0.18,0,0,1,0.0,,"PZA"
"LCM","LIMPIAPIPAS COLOR O METALICO",1,0.2,1775,5,1,0.0,,"PZA"
"L1.5","LISTON NO. 1.5 METRO",3,1.1,0,0,1,0.0,,"PZA"
"LN1.5M","LISTON NO.1.5 MEDIO METRO",2,0.6,0,0,1,0.0,,"PZA"
"LN3M","LISTON NO.3 MEDIO METRO",3,0.8,0,0,1,0.0,,"PZA"
"LN.3","LISTON NO.3 METRO",5,1.9,0,0,1,0.0,,"PZA"
"LN5M","LISTON NO.5 MEDIO METRO",4,1.3,0,0,1,0.0,,"PZA"
"LN.5","LISTON NO.5 METRO",7,2.5,0,0,1,0.0,,"PZA"
"LN9M","LISTON NO.9 MEDIO METRO",5,2.2,0,0,1,0.0,,"PZA"
"LN.9","LISTON NO.9 METRO",10,4.5,0,0,1,0.0,,"PZA"
"L50M","LUPA 50 MM",20,9,10,0,1,0.0,,"PZA"
"L60M","LUPA 60 MM",22,10,8,0,1,0.0,,"PZA"
"L75M","LUPA 75 MM",25,12,4,0,1,0.0,,"PZA"
"L90M","LUPA 90 MM",30,15,5,0,1,0.0,,"PZA"
"LDP","LUPA DE PLASTICO TRANSPARENTE",10,5,2,0,1,0.0,,"PZA"
"MMAG","MAGISTRAL DIGITAL AZOR",25,16.5,29,0,1,0.0,,"PZA"
"MTC","MAPA TAMAÑO CARTA",2,0.8,0,0,1,0.0,,"PZA"
"MASHAR","MARCADOR AGUA ACUACOLOR SHARPIE",17,10.5,28,0,1,0.0,,"PZA"
"SNE-828","MARCADOR AGUA BLANCO",15,7,12,3,1,0.0,,"PZA"
"MCDP","MARCADOR DE CERA DIXON",16,10.75,45,3,1,0.0,,"BCK"
"109","MARCADOR PERMANENTE ARTLINE  109",30,15,3,0,1,0.0,,"PZA"
"TDA","MARCADOR PERMANENTE BACO TATOO DUO AZUL",22,12.6,10,2,1,0.0,,"PZA"
"TDN","MARCADOR PERMANENTE BACO TATOO DUO NEGRO",22,12.6,10,2,1,0.0,,"PZA"
"TDR","MARCADOR PERMANENTE BACO TATOO DUO ROJO",22,12.6,10,2,1,0.0,,"PZA"
"MR096","MARCADOR PERMANENTE BACO TATOO NEGRO",22,11,10,2,1,0.0,,"PZA"
"PM-9915","MARCADOR PERMANENTE BLANCO LETO",15,7.5,12,3,1,0.0,,"PZA"
"METB","MARCADOR PERMANENTE ESTERBROOK",35,22,16,0,1,0.0,,"PZA"
"CD886","MARCADOR PERMANENTE SABONIS",15,7.5,5,2,1,0.0,,"PZA"
"TANK","MARCADOR PERMANENTE SHARPIE TANK",20,11.33,26,0,1,0.0,,"PZA"
"MPS","MARCADOR PERMANENTE SHARPIE TWIN D/PUNTA",33,19.66,13,0,1,0.0,,"PZA"
"MVA","MARCATEXTO VISION AZOR",17,11,23,0,1,0.0,,"PZA"
"M20H","MARQUILLA 20 HOJAS",50,30,9,5,1,0.0,,"PZA"
"M30H","MARQUILLA 30 HOJAS",65,39.29,5,5,1,0.0,,"PZA"
"M50H","MARQUILLA 50 HOJAS",100,66,10,5,1,0.0,,"PZA"
"M18X10","MASKING JANEL 18X10",10,5.16,1,1,1,0.0,,"PZA"
"MJ18X50","MASKING JANEL 18X50",27,17.76,2,1,1,0.0,,"PZA"
"MJ24X50","MASKING JANEL 24X50",35,21.6,1,1,1,0.0,,"PZA"
"MJ36X50","MASKING JANEL 36X50",57,37.56,2,1,1,0.0,,"PZA"
"MJ48X50","MASKING JANEL 48X50",75,50,1,1,1,0.0,,"PZA"
"MN24X50","MASKING NAVITEK 24X50",36,24,2,1,1,0.0,,"PZA"
"98698","MEMORIA USB 16GB VERBATIM",145,100,2,5,1,0.0,,"PZA"
"MUV32GB","MEMORIA USB 32GB VERBATIM",150,98,0,5,1,0.0,,"PZA"
"MUV64GB","MEMORIA USB 64GB VERBATIM",160,104,2,5,1,0.0,,"PZA"
"US8GB","MEMORIA USB 8GB STYLOS",110,73,4,5,1,0.0,,"PZA"
"MCA32GB","MEMORIA USB TIPO C 32GB ADATA",175,116,1,5,1,0.0,,"PZA"
"MSOB","MENTOS SOBRE 2 PASTILLAS",1,0.1,139,0,1,0.0,,"PZA"
"M1M","METALUSTRE 1 METRO",10,4.4,0,0,1,0.0,,"PZA"
"PMMM","METALUSTRE MEDIO METRO",6,2.5,0,0,1,0.0,,"PZA"
"MATR","MICA ADHERIBLE TRANSFER",20,10,90,5,1,0.0,,"PZA"
"MNB","MINIBLOCK HOJA PARA NOTAS",5,2,38,0,1,0.0,,"PZA"
"MDDP","MONEDAS DIDACTICAS DE PALSTICO",27,13,4,1,1,0.0,,"PZA"
"MPRCH","MOÑO CHICO CELOFAN TODA OCACION",2,0.72,49,0,1,0.0,,"PZA"
"MGTO","MOÑO GRANDE CELOFAN TODA OCACION",3,1.25,172,0,1,0.0,,"PZA"
"MONE","MONOGRAFIA ESCOLAR",4,1.7,0,0,1,0.0,,"PZA"
"995128","MOUSE INALAMBRICO EASY LINE",142,94,2,1,1,0.0,,"PZA"
"8870GY","MOUSE INALAMBRICO RECARGABLE 18-8870GY",235,167.5,1,1,1,0.0,,"PZA"
"ODCH","OPALINA DE COLOR HOJA",3,1.4,30,1,1,0.0,,"PZA"
"HOPD","OPALINA DELGADA HOJA",2,0.7,60,1,1,0.0,,"PZA"
"HOP","OPALINA PERLADA",6,3,85,1,1,0.0,,"PZA"
"OSO110","OSO DE PELCUHE ORIGINA  MEDIANO 110",110,80,2,5,1,0.0,,"PZA"
"OSO80","OSO DE PELUCHE ECONOMICO 80",80,55,1,5,1,0.0,,"PZA"
"OSOCH80","OSO DE PELUCHE ORIGINAL CHICO 80",80,60,5,5,1,0.0,,"PZA"
"OSO150","OSO DE PELUCHE OROGINAL CAHVO 150",150,110,1,5,1,0.0,,"PZA"
"PB50H","PAGARE BLOCK CON 50 HOJAS",25,15,0,5,1,0.0,,"PZA"
"PHS","PAGARE HOJA 1 HOJA",2,0.3,250,5,1,0.0,,"PZA"
"PROCK","PALETA ROCKALETA",9,4.4,28,0,1,0.0,,"PZA"
"PTP","PALETA TUTSIPOP",6,3,4,1,1,0.0,,"PZA"
"PALI","PALIACATE DE TELA",20,10,10,5,1,0.0,,"PZA"
"PDBD","PALO DE BANDERA DELGADO",2,1,0,0,1,0.0,,"PZA"
"PDBG","PALO DE BANDERA GRUESO",3,1.5,0,0,1,0.0,,"PZA"
"PB2X1","PALO PARA BROCHETA 2 PALITOS",1,0.26,540,1,1,0.0,,"PZA"
"PB90P","PALO PARA BROCHETA 90 PALITOS",25,11.6,0,5,1,0.0,,"XPK"
"PAR","PANDITAS RICOLINA",5,2.4,8,1,1,0.0,,"PZA"
"PA1M","PAPEL AMERICA 1 METRO",10,4.5,0,0,1,0.0,,"PZA"
"PAMM","PAPEL AMERICA MEDIO",6,4,0,0,1,0.0,,"PZA"
"PB1P","PAPEL BOND 1 PLIEGO",6,2.8,151,0,1,0.0,,"PZA"
"PCH1P","PAPEL CHINA 1 PLIEGO",2,0.95,1009,5,1,0.0,,"PZA"
"PCHM","PAPEL CHINA METALICO",4,1.89,92,5,1,0.0,,"PZA"
"PCOR","PAPEL COREANO",5,2.5,31,0,1,0.0,,"PZA"
"CRRC","PAPEL CORRUGADO COLOR",22,12,27,0,1,0.0,,"PZA"
"CRRM","PAPEL CORRUGADO METALICO",25,17,3,0,1,0.0,,"PZA"
"PC10P","PAPEL CREPE PAQUETE CON 10 PZS",68,45.5,0,5,1,0.0,,"XPK"
"C1P","PAPEL CREPE PLIEGO PINGUINO",8,4.55,382,5,1,0.0,,"PZA"
"PF1P","PAPEL FANTASIA PLIEGO",8,2.8,80,0,1,0.0,,"PZA"
"PFKB","PAPEL FOTOGRAFICO KRONALINE BRILLANTE",13,6.9,25,0,1,0.0,,"PZA"
"PFKM","PAPEL FOTOGRAFICO KRONALINE MATE",20,10,21,0,1,0.0,,"PZA"
"PHOLO","PAPEL HOLOGRAFICO HOJA VINIL",18,10,19,0,1,0.0,,"PZA"
"PKMM","PAPEL KRAFF MEDIO METRO 90GR X 1M",6,2,20,0,1,0.0,,"MTR"
"PKM","PAPEL KRAFF METRO",10,4,10,0,1,0.0,,"MTR"
"PLP","PAPEL LADRILLO PLIEGO",5,2,46,1,1,0.0,,"PZA"
"PL1P","PAPEL LUSTRE",6,2.11,283,0,1,0.0,,"PZA"
"PT1P","PAPEL TERCIOPELO",15,8.21,30,0,1,0.0,,"PZA"
"PANT","PELOTA ANTIESTRES CON FIGURA",15,8,2,1,1,0.0,,"PZA"
"PG2.5","PELOTA DE GOMA NO 2.5",20,10.5,8,5,1,0.0,,"PZA"
"PGN2","PELOTA DE GOMA NO.2",10,5,9,2,1,0.0,,"PZA"
"PGN3","PELOTA DE GOMA NO.3",33,17.5,4,5,1,0.0,,"PZA"
"PV8.5","PELOTA DE VINIL NO.8.5",15,8.9,3,5,1,0.0,,"PZA"
"PM1/8","PERFORADORA MAE ORIFICIO 1/8",62,41,1,5,1,0.0,,"PZA"
"PS1/4","PERFORADORA SMART 1/4",38,21,5,0,1,0.0,,"PZA"
"PFDA","PICAFRESA DULCE ACIDULADO",1,0.5,0,0,1,0.0,,"PZA"
"AAVA","PILA AA ALCALINA 1 PILA RCA",12,4.75,12,0,1,0.0,,"PZA"
"AAVP","PILA AA ALCALINA PAQUETE 4 PILAS",40,19,0,0,1,0.0,,"XPK"
"RCARS","PILA AA ROJA 1 PILA RCA",6,2,44,0,1,0.0,,"PZA"
"AARP","PILA AA ROJA PAQUETE 4 PILAS",20,8,0,5,1,0.0,,"XPK"
"AAAVA","PILA AAA ALCALINA 1 PILA RCA",12,4.75,36,0,1,0.0,,"PZA"
"AAAVP","PILA AAA ALCALINA PAQUETE 4 PILAS",40,19,0,0,1,0.0,,"XPK"
"AAARS","PILA AAA ROJA 1 PILA RCA",6,2,26,0,1,0.0,,"PZA"
"AAARP","PILA AAA ROJA PAQUETE 4 PILAS",20,8,0,0,1,0.0,,"XPK"
"PAAM","PILA RECARGABLE AA MITZU 1300 MAH",80,52,2,0,1,0.0,,"PZA"
"PCHC1H","PILIZA DE CHEQUE CARTA 1 HOJA",2,0.5,150,5,1,0.0,,"PZA"
"PECO","PINCEL ECONOMICO",4,1.5,0,0,1,0.0,,"PZA"
"N10300","PINCEL RODART PLANO NO.10",11,5.3,11,0,1,0.0,,"PZA"
"N12300","PINCEL RODART PLANO NO.12",12,5.8,10,0,1,0.0,,"PZA"
"N14300","PINCEL RODART PLANO NO.14",17,8.22,13,0,1,0.0,,"PZA"
"N16300","PINCEL RODART PLANO NO.16",20,10.2,10,0,1,0.0,,"PZA"
"N2300","PINCEL RODART PLANO NO.2",7,3.6,12,0,1,0.0,,"PZA"
"N4300","PINCEL RODART PLANO NO.4",8,4,10,0,1,0.0,,"PZA"
"N6300","PINCEL RODART PLANO NO.6",9,4.5,10,0,1,0.0,,"PZA"
"N8300","PINCEL RODART PLANO NO.8",10,4.8,10,0,1,0.0,,"PZA"
"N1-6233","PINCEL RODART REDONDO N1",5,2.5,2,0,1,0.0,,"PZA"
"N10-6233","PINCEL RODART REDONDO N10",14,7,6,0,1,0.0,,"PZA"
"N11-6233","PINCEL RODART REDONDO N11",15,7.5,7,0,1,0.0,,"PZA"
"N12-6233","PINCEL RODART REDONDO N12",16,8,3,0,1,0.0,,"PZA"
"N2-6233","PINCEL RODART REDONDO N2",6,3,12,0,1,0.0,,"PZA"
"N3-6233","PINCEL RODART REDONDO N3",7,3.5,7,0,1,0.0,,"PZA"
"N4-6233","PINCEL RODART REDONDO N4",8,4,9,0,1,0.0,,"PZA"
"N5-6233","PINCEL RODART REDONDO N5",9,4.5,8,0,1,0.0,,"PZA"
"N6-6233","PINCEL RODART REDONDO N6",10,5,11,0,1,0.0,,"PZA"
"N9-6233","PINCEL RODART REDONDO N7",13,6.5,6,0,1,0.0,,"PZA"
"N7-6233","PINCEL RODART REDONDO N7",11,5.5,3,0,1,0.0,,"PZA"
"N8-6233","PINCEL RODART REDONDO N8",12,6,7,0,1,0.0,,"PZA"
"N10815","PINCEL RODIN PLANO NO.10",20,10,12,0,1,0.0,,"PZA"
"N12815","PINCEL RODIN PLANO NO.12",24,12,5,0,1,0.0,,"PZA"
"N2815","PINCEL RODIN PLANO NO.2",15,7,3,0,1,0.0,,"PZA"
"N4815","PINCEL RODIN PLANO NO.4",16,8,6,0,1,0.0,,"PZA"
"N6815","PINCEL RODIN PLANO NO.6",17,8.5,12,0,1,0.0,,"PZA"
"N8815","PINCEL RODIN PLANO NO.8",18,9,12,0,1,0.0,,"PZA"
"P100ML","PINTURA POLITEC 100ML",35,22.5,26,0,1,0.0,,"PZA"
"P20ML","PINTURA POLITEC 20ML",13,6.92,185,0,1,0.0,,"PZA"
"PM100ML","PINTURA POLITEC METALICA 100ML",45,30,5,0,1,0.0,,"PZA"
"PV25ML","PINTURA VINCI 25 ML",14,7,95,5,1,0.0,,"PZA"
"VD237ML","PINTURA VINCI DEDOS DIGITAL 237ML",45,28.6,19,5,1,0.0,,"PZA"
"PVDM","PINTURA VINCI DEDOS DIGITAL METALICA",80,58,0,5,1,0.0,,"PZA"
"VM25ML","PINTURA VINCI DORADA METALICA",15,7.5,4,5,1,0.0,,"PZA"
"PVM25ML","PINTURA VINCI PLATEADA METALICA",15,7.5,5,5,1,0.0,,"PZA"
"PSCHS","PISTOLA PARA SILICON SELANUSA CHICA",60,38,5,0,1,0.0,,"PZA"
"PSGS","PISTOLA PARA SILICON SELANUSA GRANDE",115,76,2,0,1,0.0,,"PZA"
"PSA+","PISTOLA SILICON A+",45,23,10,0,1,0.0,,"PZA"
"PSCB","PIZARRON BLANCO SCOOL",50,25,2,1,1,0.0,,"PZA"
"25X252C","PLACA DE UNICEL 25X25 2CM",6,2.23,8,5,1,0.0,,"PZA"
"25X501CM","PLACA DE UNICEL 25X50 1CM",7,3.3,13,5,1,0.0,,"PZA"
"25X502CM","PLACA DE UNICEL 25X50 2CM",10,4.45,12,5,1,0.0,,"PZA"
"50X1001CM","PLACA DE UNICEL 50X100 1CM",22,11.5,12,5,1,0.0,,"PZA"
"50X1002CM","PLACA DE UNICEL 50X100 2CM",40,25.55,11,5,1,0.0,,"PZA"
"50X501CM","PLACA DE UNICEL 50X50 1CM",12,6,9,5,1,0.0,,"PZA"
"50X502CM","PLACA DE UNICEL 50X50 2CM",20,10.7,9,5,1,0.0,,"PZA"
"PBM","PLASTILINA BARRA MAKIKO",17,17,157,5,1,0.0,,"PZA"
"PPD","PLASTILINA MOLDEABLE PLAY DOH",30,20,12,5,1,0.0,,"PZA"
"PVMC","PLASTILINA VINCI MODELINA CAJA 10 COLORES",20,11.8,42,5,1,0.0,,"PZA"
"PAPF","PLUMA AZOR FINO",7,3.37,45,0,1,0.0,,"PZA"
"PARPF","PLUMA AZOR FINO RETRACTIL",12,5.66,20,0,1,0.0,,"PZA"
"PAPM","PLUMA AZOR MEDIANO",7,3.33,142,0,1,0.0,,"PZA"
"PADC","PLUMA AZOR MEDIANO COLORES",7,3.5,18,0,1,0.0,,"PZA"
"PARPM","PLUMA AZOR MEDIANO RETRACTIL",12,5.66,24,0,1,0.0,,"PZA"
"PAPU","PLUMA AZOR ULTRAFINO",7,3.75,121,0,1,0.0,,"PZA"
"PBPF","PLUMA BIC PUNTO FINO",7,3.3,84,0,1,0.0,,"PZA"
"PBPM","PLUMA BIC PUNTO MEDIANO",7,3.3,87,0,1,0.0,,"PZA"
"E681A","PLUMA GEL PEN WEIYADA AZUL E881",20,9.5,8,0,1,0.0,,"PZA"
"E861N","PLUMA GEL PEN WEIYADA NEGRA E681",20,9.5,5,1,1,0.0,,"PZA"
"E681R","PLUMA GEL PEN WEIYADA ROJA E681",20,9.5,0,1,1,0.0,,"PZA"
"E681N","PLUMA GEL WEIYADA E881 NEGRA",20,9.5,5,0,1,0.0,,"PZA"
"PKPMPF","PLUMA KILOMETRICO PAPERMATE P/FINO",6,2.7,0,0,1,0.0,,"PZA"
"PKPM","PLUMA KILOMETRICO PAPERMATE P/MEDIO",6,3,0,0,1,0.0,,"PZA"
"FB2025X3","PLUMA OLEO GEL SABONIS",20,6.5,21,1,1,0.0,,"PZA"
"CFUL","PLUMA TINTA BLANCA COLORFUL",20,10,2,1,1,0.0,,"PZA"
"HY1084","PLUMA TINTA BORRABLE HY1084",15,7.5,8,0,1,0.0,,"PZA"
"PTCH520","PLUMA TINTA CHINA SABONIS 520",20,10.1,7,2,1,0.0,,"PZA"
"PM12C","PLUMIN MAPED 12 COLORES",60,37.5,2,0,1,0.0,,"PZA"
"PMN","PLUMIN MARCADOR NORMA",60,38.4,5,0,1,0.0,,"PZA"
"PMTP","PLUMIN MARKANA TWIST PAQUETE",65,43.5,4,0,1,0.0,,"PZA"
"PMTS","PLUMIN MARKANA TWIST SUELTO",7,3.2,58,0,1,0.0,,"PZA"
"CL24P","PLUMONES CRAYOLA LAVABLES SUPERTIPS",185,145,1,0,1,0.0,,"PZA"
"FB2025P","PLUNA OLEO GEL PAQUETE CON 3 PLUMAS",40,19.5,0,5,1,0.0,,"XPK"
"PCHMC1H","POLIZA DE CHEQUE MEDIA CARTA 1 HOJA",2,0.5,100,5,1,0.0,,"PZA"
"PD1H","POLIZA DE DIARIO 1 HOJA",2,0.5,150,5,1,0.0,,"PZA"
"PD50H","POLIZA DE DIARIO 50 HOJAS",70,25,0,0,1,0.0,,"BCK"
"PE1H","POLIZA DE EGRESOS 1 HOJA",2,0.5,150,5,1,0.0,,"PZA"
"PI1H","POLIZA DE INGRESOS 1 HOJA",2,0.5,50,5,1,0.0,,"PZA"
"PPCH","PORTACREDENCIA PLASTICO CHICA",8,4,0,0,1,0.0,,"PZA"
"PPG","PORTACREDENCIA PLASTICO GRANDE",10,5,0,0,1,0.0,,"PZA"
"PPM","PORTACREDENCIA PLASTICO MEDIANA",9,4.5,0,0,1,0.0,,"PZA"
"PACHO","PORTACREDENCIAL ACRILICO ORIZONTAL CHICA",18,9,8,1,1,0.0,,"PZA"
"PAGO","PORTACREDENCIAL ACRILICO ORIZONTAL GRANDE",23,11.5,10,1,1,0.0,,"PZA"
"PAMO","PORTACREDENCIAL ACRILICO ORIZONTAL MEDIANA",20,10,9,1,1,0.0,,"PZA"
"PACHV","PORTACREDENCIAL ACRILICO VERTICAL CHICA",18,9,1,1,1,0.0,,"PZA"
"PAGV","PORTACREDENCIAL ACRILICO VERTICAL GRANDE",23,11.5,0,1,1,0.0,,"PZA"
"PAMV","PORTACREDENCIAL ACRILICO VERTICAL MEDIANA",20,10,16,1,1,0.0,,"PZA"
"PHC","POSTIC CUADRO",22,11,10,1,1,0.0,,"PZA"
"PFCH","POSTIC FIGURA CHICO",12,6,4,1,1,0.0,,"PZA"
"PFG","POSTIC FIGURA GRANDE",20,10,4,1,1,0.0,,"PZA"
"P11G","PRITT CHICO 11G",15,9.2,13,1,1,0.0,,"PZA"
"PR42G","PRITT GRANDE 42G",45,30,4,1,1,0.0,,"PZA"
"PRM","PRITT MEDIANO 22G",28,17.5,8,1,1,0.0,,"PZA"
"PHLP50H","PROTECTOR DE HOJA LOMAREY PAQUETE",40,20,0,0,1,0.0,,"PZA"
"PHLS","PROTECTOR DE HOJA LOMAREY SUELTO",2,0.4,200,5,1,0.0,,"PZA"
"PHPS","PROTECTOR DE HOJA PASCUA SUELTO",2,0.58,78,0,1,0.0,,"PZA"
"PPM12","PUNTILLA PAPERMATE 12 PUNTILLAS",15,8,11,1,1,0.0,,"PZA"
"PUZN","PUZZLE DE NUMEROS",10,5,2,1,1,0.0,,"PZA"
"RAFB","RAFIA BOLA",24,12.5,37,0,1,0.0,,"PZA"
"RD1R","RASTRILLO DORUSA 1 RASTRILLO",10,5,22,5,1,0.0,,"PZA"
"RCFE","RECIBO CFE",15,1,0,0,1,0.0,,"PZA"
"RDD1H","RECIBO DE DINERO 50 HOJAS",30,15.4,7,5,1,0.0,,"PZA"
"RTEN","REFRENDO DE TENENCIA",15,1,0,0,1,0.0,,"PZA"
"1121","REGLA BARRILITO 20 CM 1121",7,3.3,3,5,1,0.0,,"PZA"
"40919","REGLA COLORS SMARTY RULER",12,6.5,6,0,1,0.0,,"PZA"
"RM30CM","REGLA DE MADERA 30 CM",5,2,7,5,1,0.0,,"PZA"
"RM1M","REGLA DE MADERA DE 1 METRO",20,10,5,5,1,0.0,,"PZA"
"40918","REGLA FLEXIBLE SMARTY RULER",20,12,4,0,1,0.0,,"PZA"
"26033","REGLA MAPED 20 CM",15,10,1,5,1,0.0,,"PZA"
"R30CM","REGLA MAPED AZUL 30 CM",7,3.5,28,5,1,0.0,,"PZA"
"40916","REGLA SMARTY TRANSPARENTE 30CM",7,3.5,24,0,1,0.0,,"PZA"
"RDP","REILETE DE PLASTICO BARITA",10,5,28,5,1,0.0,,"PZA"
"B225ML","RESISTOL BULLY 225ML",45,29,1,0,1,0.0,,"PZA"
"D21G","RESISTOL DIXON 21G",25,13.96,19,5,1,0.0,,"PZA"
"D36G","RESISTOL DIXON 36G",35,19.51,14,5,1,0.0,,"PZA"
"D8G","RESISTOL DIXON 8G",10,5.4,31,5,1,0.0,,"PZA"
"F1000ML","RESISTOL FIX-UP 1000ML",85,51,1,0,1,0.0,,"PZA"
"F125ML","RESISTOL FIX-UP 125ML",20,10.2,7,0,1,0.0,,"PZA"
"F250ML","RESISTOL FIX-UP 250ML",35,18,2,0,1,0.0,,"PZA"
"F30ML","RESISTOL FIX-UP 30ML",11,5.57,11,0,1,0.0,,"PZA"
"F500ML","RESISTOL FIX-UP 500ML",50,30.85,2,0,1,0.0,,"PZA"
"F60ML","RESISTOL FIX-UP 60ML",15,7.73,10,0,1,0.0,,"PZA"
"B490ML","RESITOL BULLY 490ML",80,52,2,0,1,0.0,,"PZA"
"R10MM","RESORTE 10MM 1 METRO",6,3,0,1,1,0.0,,"MTR"
"R12MM","RESORTE 12MM 1 METRO",6,2,80,1,1,0.0,,"MTR"
"R14MM","RESORTE 14MM 1 METRO",8,2.7,80,5,1,0.0,,"MTR"
"R20MM","RESORTE 20MM 1 METRO",13,6.4,30,5,1,0.0,,"MTR"
"R5MM","RESORTE 5MM 1 METRO",4,2,50,1,1,0.0,,"MTR"
"RE1M","RESORTE ELASTICO 1 METRO",3,1.3,60,5,1,0.0,,"MTR"
"RMECH","ROMPECABEZAS ECONOMICO CHICO",23,12,1,1,1,0.0,,"PZA"
"EDACH","ROMPECABEZAS EDUCACTIVITY AVION AUTO CHICO",42,28,2,1,1,0.0,,"PZA"
"EDUCG","ROMPECABEZAS EDUCACTIVITY GRANDE",90,63,7,1,1,0.0,,"PZA"
"EDVCH","ROMPECABEZAS EDUCACTIVITY VACA GALLO CHICO",40,25.6,2,1,1,0.0,,"PZA"
"RPTA","ROMPECABEZAS PIZARRON TREN AVION",80,50,1,1,1,0.0,,"PZA"
"BST375","SACAPUNTAS DE PLASTICO BST375",10,5,3,0,1,0.0,,"PZA"
"SACE","SACAPUNTAS ECONOMICO",2,0.7,0,0,1,0.0,,"PZA"
"SJOCAR","SACAPUNTAS JOCAR OVALO",5,1.3,57,0,1,0.0,,"PZA"
"SJM","SACAPUNTAS JOCAR PLASTICO MANGO",16,8,14,0,1,0.0,,"PZA"
"M251","SACAPUNTAS KAISER PLASTICO 251",5,1.6,16,5,1,0.0,,"PZA"
"SMK","SACAPUNTAS METALICO DOBLE KOOVI",10,4.8,16,5,1,0.0,,"PZA"
"SCOL","SACAPUNTAS METALICO SMARTY COLORS",7,3.2,24,5,1,0.0,,"PZA"
"SSCOOL","SACAPUNTAS PLASTICO SCOOL 8818",10,4.25,22,5,1,0.0,,"PZA"
"SPN6","SIGNO DE PESOS PRODY NO.6",16,9,9,5,1,0.0,,"PZA"
"SPN7","SIGNO DE PESOS PRODY NO.7",22,13,6,5,1,0.0,,"PZA"
"SBBA+","SILICON BARRA DELGADO A+ 1KILO B/AZUL",140,90,0,0,1,0.0,,"PZA"
"SBA+A","SILICON BARRA DELGADO A+ I KILO B/AMARILLA",140,90,0,0,1,0.0,,"PZA"
"SB1B","SILICON BARRA DELGADO A+ SUELTO B/AMARILLA",3,0.9,68,0,1,0.0,,"PZA"
"SA+S","SILICON BARRA DELGADO A+ SUELTO B/AZUL",3,0.9,101,0,1,0.0,,"PZA"
"SBGS","SILICON EN BARRA GRUSO",7,3.3,36,0,1,0.0,,"PZA"
"SL100MLP","SILICON LIQUIDO 100ML PASCUA",30,16.3,3,0,1,0.0,,"PZA"
"SL250MLP","SILICON LIQUIDO 250ML PELIKAN",60,42.6,4,0,1,0.0,,"PZA"
"SL30ML","SILICON LIQUIDO 30ML PASCUA",15,7.1,4,0,1,0.0,,"PZA"
"SL30MLS","SILICON LIQUIDO 30ML SCOOL",15,8,2,0,1,0.0,,"PZA"
"SL60ML","SILICON LIQUIDO 60ML SELANUSA",22,11,20,0,1,0.0,,"PZA"
"SACCH","SOBRE AMARILLO CARTA CON HILO",6,3,31,0,1,0.0,,"PZA"
"SACSH","SOBRE AMARILLO CARTA SIN HILO",6,2.4,22,0,1,0.0,,"PZA"
"SAECH","SOBRE AMARILLO ESQUELA CON HILO",5,2.5,26,0,1,0.0,,"PZA"
"SAMCH","SOBRE AMARILLO MINISTRO CON HILO",10,5,4,0,1,0.0,,"PZA"
"SN100P","SOBRE AMARILLO NOMINA 100 PZS",80,49,0,0,1,0.0,,"PZA"
"SANOM","SOBRE AMARILLO NOMINA SUELTO",2,0.5,100,0,1,0.0,,"PZA"
"SAOCH","SOBRE AMARILLO OFICIO CON HILO",8,4,9,0,1,0.0,,"PZA"
"SPCCH","SOBRE BLANCO PARA CARTA CHICO",2,0.6,72,5,1,0.0,,"PZA"
"SBPCG","SOBRE BLANCO PARA CARTA GRANDE",2,1,0,0,1,0.0,,"PZA"
"SCCH","SOBRE DE COLOR CHICO",2,0.65,100,5,1,0.0,,"PZA"
"SDEB","SOLICITUD DE EMPLEO BLOCK 25 HOJAS",25,12.75,0,5,1,0.0,,"XPK"
"SDES","SOLICITUD DE EMPLEO SUELTA",2,0.51,38,0,1,0.0,,"PZA"
"SCH","STICKER CHICO PARA DECORAR",4,1.5,0,0,1,0.0,,"PZA"
"SGRD","STICKER GRANDE PARA DECORAR",10,4,52,0,1,0.0,,"PZA"
"SMD","STICKER MEDIANO PARA DECORAR",8,3,59,0,1,0.0,,"PZA"
"TP30X30","TABLA PERFOCEL DE MADERA 30X30",30,15,2,0,1,0.0,,"PZA"
"TPEQ","TABLA PERIODICA DE LOS ELEMENTOS QUIMICOS",4,1.3,5,0,1,0.0,,"PZA"
"TPME","TABLA PISAPAPEL MADERA ESQUELA ACRILICOS",45,24,3,5,1,0.0,,"PZA"
"TPMO","TABLA PISAPAPEL MADERA OFICIO",90,60,2,5,1,0.0,,"PZA"
"TPPC","TABLA PISAPAPEL PLASTICO CARTA ACRILICOS",90,52,1,5,1,0.0,,"PZA"
"TAENCH","TAMBORINES ENCHILADOS",1,0.5,0,0,1,0.0,,"PZA"
"A-167","TANGRAM DE MADERA A-167",20,11,4,1,1,0.0,,"PZA"
"COLT","TANGRAM DE PLASTICO COOLTOY",25,13,3,1,1,0.0,,"PZA"
"9063","TIJERA AMIGOS PUNTA ROMA",15,7.2,5,0,1,0.0,,"PZA"
"B60","TIJERA BARRILITO ESCOLAR PUNTA ROMA",30,20,19,5,1,0.0,,"PZA"
"TMPZ","TIJERA MAPED PARA ZURDOS",28,17,2,0,1,0.0,,"PZA"
"TM17CM","TIJERA MAPED SOFT GEL ADVANCED 17CM 6",70,46,2,0,1,0.0,,"PZA"
"TM21CM","TIJERA MAPED SOFT GEL ADVANCED 21CM 8",77,51,1,0,1,0.0,,"PZA"
"10-6","TIJERA PILOT ACERO INOXIDABLE",105,72,1,0,1,0.0,,"PZA"
"XS103L","TIJERA SHELY",15,7,22,5,1,0.0,,"PZA"
"40851","TIJERA SMARTY ACERO INOXIDABLE",120,80,2,0,1,0.0,,"PZA"
"TZZT","TIJERA ZIGZAG TRYME",24,12,5,0,1,0.0,,"PZA"
"TCHAN","TINTA CHINA AZOR STAFFORD",25,14,8,5,1,0.0,,"PZA"
"587AZ","TINTA ROLAPLICA AZOR AZUL",50,32.5,1,0,1,0.0,,"PZA"
"587NE","TINTA ROLAPLICA AZOR NEGRA",50,32.5,1,0,1,0.0,,"PZA"
"JUA","UNO ALL",45,21,1,1,1,0.0,,"PZA"
"JUF","UNO FLIP",45,20,1,1,1,0.0,,"PZA"
"UGW","UNO GET WILD",45,20,1,1,1,0.0,,"PZA"
"VPGM","VARITA PARA GLOBO METALICO",5,2.5,0,0,1,0.0,,"PZA"
"YPG","YOYO PARA GAFETE",10,5,16,1,1,0.0,,"PZA"